<?xml version="1.0" encoding="UTF-8"?>
<beans xmlns="http://www.springframework.org/schema/beans"
	xmlns:xsi="http://www.w3.org/2001/XMLSchema-instance"
	xmlns:aop="http://www.springframework.org/schema/aop"
	xmlns:context="http://www.springframework.org/schema/context"
	xmlns:jdbc="http://www.springframework.org/schema/jdbc"
	xmlns:mybatis-spring="http://mybatis.org/schema/mybatis-spring"
	xmlns:tx="http://www.springframework.org/schema/tx"
	xsi:schemaLocation="http://www.springframework.org/schema/jdbc http://www.springframework.org/schema/jdbc/spring-jdbc-4.2.xsd
		http://mybatis.org/schema/mybatis-spring http://mybatis.org/schema/mybatis-spring-1.2.xsd
		http://www.springframework.org/schema/beans https://www.springframework.org/schema/beans/spring-beans.xsd
		http://www.springframework.org/schema/context http://www.springframework.org/schema/context/spring-context-4.2.xsd
		http://www.springframework.org/schema/aop http://www.springframework.org/schema/aop/spring-aop-4.2.xsd
		http://www.springframework.org/schema/tx http://www.springframework.org/schema/tx/spring-tx-4.2.xsd">
	
	<!-- Root Context: defines shared resources visible to all other web components -->
	
	<bean id="dataSource" class="org.springframework.jdbc.datasource.DriverManagerDataSource">
	<property value="oracle.jdbc.driver.OracleDriver"  name="driverClassName"></property>
	<property value="jdbc:oracle:thin:@localhost:1521:xe"  name="url"></property>
	<property value="ca5"  name="username"></property>
	<property value="ca5"  name="password"></property>
	</bean>
	
	
	
	<bean id="sqlSessionFactory" class="org.mybatis.spring.SqlSessionFactoryBean" > 
	<property ref="dataSource" name="dataSource"></property>
     <property value="classpath:/mybatis-config.xml" name="configLocation"></property>
	<property value="classpath:mappers/**/*Mapper.xml" name="mapperLocations"></property>
	
	

	
	</bean>
	
	
	
	<bean class="org.mybatis.spring.SqlSessionTemplate" id="sqlSession">
	<constructor-arg ref="sqlSessionFactory" name="sqlSessionFactory"></constructor-arg>	
	</bean>
	
	<context:component-scan base-package="kr.co.service"></context:component-scan>
	
	<context:component-scan base-package="kr.co.persistence"></context:component-scan>
	<context:component-scan base-package="kr.co.aop"></context:component-scan>
	<aop:aspectj-autoproxy></aop:aspectj-autoproxy>
	
	  <bean id="transactionManager" 
      class="org.springframework.jdbc.datasource.DataSourceTransactionManager">
    <property name="dataSource" ref="dataSource"/>
</bean>
    <tx:annotation-driven/>
 


			
</beans>
