<?xml version="1.0" encoding="UTF-8" ?>
<!DOCTYPE mapper
  PUBLIC "-//mybatis.org//DTD Mapper 3.0//EN"
  "http://mybatis.org/dtd/mybatis-3-mapper.dtd">
<mapper namespace="b.o.a">
<delete id="delete">
delete board where bno=#{bno}
</delete>

<select id="getAmount" resultType="Integer">
select count(bno) from board
</select>




<!-- search 방법  -->
<sql id="search">
	<if test="searchType !=null">
		<if test="searchType=='writer'.toString()">
			where lower(writer) like '%'||lower(#{keyword})||'%'
		</if>
		
		<if test="searchType=='title'.toString()">
			where lower(title) like '%'||lower(#{keyword})||'%'
		</if>
		
		<if test="searchType=='content'.toString()">
			where lower(content) like '%'||lower(#{keyword})||'%'
		</if>
	
	</if>


</sql>

<select id="searchlist" resultType="BoardVO">
<![CDATA[select*from board <include refid="search"></include>

]]>
</select>










<select id="searchlist2" resultType="BoardVO">
	select * from board where lower(${searchType}) like '%'||lower(#{keyword})||'%'
</select>
<!-- <select id="searchlist" resultType="BoardVO">
	select * from board where lower(${searchType}) like '%'||lower(#{keyword})||'%'
</select>
 -->
<update id="update">
<![CDATA[update board set title=#{title}, writer=#{writer}, content=#{content}, updatedate=sysdate where bno=#{bno}
]]>
</update>

<select id="updateUI" resultType="BoardVO">
<![CDATA[select * from board where bno=#{bno}]]>
</select>


<update id="increaseViewcnt">
<![CDATA[update board set viewcnt=viewcnt+1 where bno=#{bno}
]]>

</update>

<select id="read" resultType="BoardVO">
<![CDATA[select*from board where bno=#{bno}]]>
</select>

<select id="list" resultType="BoardVO">
<![CDATA[select*from board order by bno asc]]>
</select>



<select id="getBno" resultType="integer">
<![CDATA[select max(bno) from board]]>
</select>



<insert id="insert"> 
<![CDATA[
insert into board (bno,title,content,writer) values (#{bno},#{title},#{content},#{writer})
]]>
</insert>


</mapper> 

