<?xml version="1.0" encoding="UTF-8" ?>
<!DOCTYPE mapper
  PUBLIC "-//mybatis.org//DTD Mapper 3.0//EN"
  "http://mybatis.org/dtd/mybatis-3-mapper.dtd">
<mapper namespace="r.e.p">

<delete id="deleteByBno">
delete from reply where bno=#{bno}
</delete>

<delete id="delete">
delete from reply where rno=#{rno}
</delete>



<update id="update">
update reply set replytext=#{replytext},updatedate=sysdate where rno=#{rno}

</update>




<select id="list" resultType="ReplyVO">
select * from reply where bno=#{bno} order by rno desc
</select>




	<select id="getRno" resultType="Integer">

		select NVL2(max(rno), max(rno)+1, 1) from reply 

	</select>

 

	<insert id="insert">

		insert into reply (rno, bno, replyer, replytext) 

		values 

		(#{rno}, #{bno}, #{replyer}, #{replytext})

	</insert>
 
<!-- NVL2 3항연산자 -->
<!-- 
<select id="getRno" resultType="Integer">

select NVL2(max(rno),max(rno)+1,1) from reply
</select>

<insert id="insert">
	insert into reply (rno,bno,replyer,replytext)
	values
	(#{rno},#{bno},#{replyer},#{replytext})

</insert> 
 -->

</mapper> 

